{"cameraMode":{"drawMode":0,"name":"Shaded","section":"Shading Mode"},"sceneLighting":true,"audioPlay":false,"sceneViewState":{"showFog":true,"showMaterialUpdate":false,"showSkybox":true,"showFlares":true,"showImageEffects":true,"showParticleSystems":true,"showVisualEffectGraphs":true,"m_FxEnabled":true},"in2DMode":false,"pivot":{"x":-0.10479044914245606,"y":-0.8274686932563782,"z":1.1305022239685059},"rotation":{"x":-0.09444165229797363,"y":0.1105918437242508,"z":-0.010111047886312008,"w":-0.9894447922706604},"size":2.724745035171509,"orthographic":false}