{"cameraMode":{"drawMode":0,"name":"Shaded","section":"Shading Mode"},"sceneLighting":true,"audioPlay":false,"sceneViewState":{"showFog":true,"showMaterialUpdate":false,"showSkybox":true,"showFlares":true,"showImageEffects":true,"showParticleSystems":true,"showVisualEffectGraphs":true,"m_FxEnabled":true},"in2DMode":false,"pivot":{"x":1.818260908126831,"y":1.431044578552246,"z":0.41638219356536868},"rotation":{"x":-0.031246408820152284,"y":-0.21836039423942567,"z":0.0074070971459150318,"w":-0.9754768013954163},"size":0.62474524974823,"orthographic":false}