{"cameraMode":{"drawMode":0,"name":"Shaded","section":"Shading Mode"},"sceneLighting":true,"audioPlay":false,"sceneViewState":{"showFog":true,"showMaterialUpdate":false,"showSkybox":true,"showFlares":true,"showImageEffects":true,"showParticleSystems":true,"showVisualEffectGraphs":true,"m_FxEnabled":true},"in2DMode":false,"pivot":{"x":1.848545789718628,"y":-0.031108856201171876,"z":1.5278908014297486},"rotation":{"x":0.2914349436759949,"y":-0.14253439009189607,"z":0.0438014380633831,"w":0.9450268149375916},"size":1.2247450351715088,"orthographic":false}