{"cameraMode":{"drawMode":0,"name":"Shaded","section":"Shading Mode"},"sceneLighting":true,"audioPlay":false,"sceneViewState":{"showFog":true,"showMaterialUpdate":false,"showSkybox":true,"showFlares":true,"showImageEffects":true,"showParticleSystems":true,"showVisualEffectGraphs":true,"m_FxEnabled":true},"in2DMode":false,"pivot":{"x":3.1634011268615724,"y":0.0009543895721435547,"z":0.05213654041290283},"rotation":{"x":0.21010001003742219,"y":0.539548933506012,"z":-0.1411900520324707,"w":0.8030438423156738},"size":3.8226635456085207,"orthographic":false}