{"cameraMode":{"drawMode":0,"name":"Shaded","section":"Shading Mode"},"sceneLighting":true,"audioPlay":false,"sceneViewState":{"showFog":true,"showMaterialUpdate":false,"showSkybox":true,"showFlares":true,"showImageEffects":true,"showParticleSystems":true,"showVisualEffectGraphs":true,"m_FxEnabled":true},"in2DMode":false,"pivot":{"x":-2.0632660388946535,"y":-0.8318103551864624,"z":1.21502685546875},"rotation":{"x":-0.1289464384317398,"y":-0.006844819989055395,"z":0.0008901514229364693,"w":-0.9916276931762695},"size":3.324744701385498,"orthographic":false}