{"cameraMode":{"drawMode":0,"name":"Shaded","section":"Shading Mode"},"sceneLighting":true,"audioPlay":false,"sceneViewState":{"showFog":true,"showMaterialUpdate":false,"showSkybox":true,"showFlares":true,"showImageEffects":true,"showParticleSystems":true,"showVisualEffectGraphs":true,"m_FxEnabled":true},"in2DMode":false,"pivot":{"x":-0.38990986347198489,"y":-0.2770838439464569,"z":1.7509543895721436},"rotation":{"x":0.28283849358558657,"y":-0.5140168070793152,"z":0.1839257776737213,"w":0.7887206077575684},"size":1.5865724086761475,"orthographic":false}