{"cameraMode":{"drawMode":0,"name":"Shaded","section":"Shading Mode"},"sceneLighting":true,"audioPlay":false,"sceneViewState":{"showFog":true,"showMaterialUpdate":false,"showSkybox":true,"showFlares":true,"showImageEffects":true,"showParticleSystems":true,"showVisualEffectGraphs":true,"m_FxEnabled":true},"in2DMode":false,"pivot":{"x":-2.4315409660339357,"y":-0.04484342038631439,"z":1.6702582836151124},"rotation":{"x":0.23585592210292817,"y":-0.6555774807929993,"z":0.2271759957075119,"w":0.6804856061935425},"size":0.9865724444389343,"orthographic":false}