{"cameraMode":{"drawMode":0,"name":"Shaded","section":"Shading Mode"},"sceneLighting":true,"audioPlay":false,"sceneViewState":{"showFog":true,"showMaterialUpdate":false,"showSkybox":true,"showFlares":true,"showImageEffects":true,"showParticleSystems":true,"showVisualEffectGraphs":true,"m_FxEnabled":true},"in2DMode":false,"pivot":{"x":1.848545789718628,"y":-0.031108856201171876,"z":1.5278908014297486},"rotation":{"x":-0.00811595655977726,"y":0.0991184189915657,"z":-0.00036798615474253893,"w":-0.9951764941215515},"size":3.024744987487793,"orthographic":false}